,value
0,-0.5231547645571286
1,-0.6888567733651252
2,-0.5549927214644326
3,-0.531114342091048
4,-0.5890014080212831
5,-0.5557163804342351
6,-0.7214182479508824
7,-0.7561504521861862
8,-0.2149058205730907
9,-0.19319817084925273
10,-0.2120115379222538
11,-0.20405203103400904
12,-0.17221414477237973
13,-0.7199711066254637
14,-0.8364688621328993
15,-0.6946453739896365
16,-0.7329955904912544
17,-0.7322720374899641
18,-0.7489146042677439
19,-0.7539797578594771
20,-0.7438494506760112
21,-0.7416787210264646
22,-0.7322720374899641
23,-0.7083935874709049
24,-0.8422575687259228
25,-0.47395072319359155
26,-0.5115773866939191
27,-0.5441388259568387
28,-0.5463096262520599
29,-0.49999990286219687
30,-0.5463096968977346
31,-0.9565846299066489
32,-0.46816208724624264
33,-0.42981194139029943
34,0.11143261957712092
35,0.08393633390593447
36,0.22648333972765045
37,0.241678659211499
38,0.23371915232325424
39,0.2004340894133696
40,0.7532561342125117
41,0.677279324856241
42,0.169319968090055
43,0.1787265809808809
44,0.1295225042945063
45,-0.1888565702588103
46,-0.8784370555779941
47,-0.720694694949592
48,-0.7054992694972304
49,-0.7735166426109314
50,-0.7713459482842224
51,-0.7916063860369671
52,-0.7525325812112209
53,-0.7778582432013739
54,-0.7619391941020468
55,-0.7409550620566621
56,-0.7612155704550814
57,-0.9160636837554845
58,-0.7358899437877664
59,-0.7481909806207785
60,-0.8321274028338062
61,-0.36758306293259757
62,-0.3943559368938434
63,-0.37771337011606354
64,-0.4023153731364135
65,-0.8075253291677815
66,-0.6924747149857651
67,-0.6808972311540433
68,-0.6808972311540433
69,-0.6982633509331135
70,-0.7163531296819867
71,-0.7120115290915443
72,-0.6751084892381822
73,-0.6599131344314957
74,-0.7568740758331511
75,-0.3227205868366654
76,-0.3118668679432588
77,-0.31693188024364183
78,-0.3444282365605038
79,-0.67945001918295
80,-0.5933429379660504
81,-0.6222865062540053
82,-0.624457341872064
83,-0.6222865415768428
84,-0.5882778903428298
85,-0.6418234969739718
86,-0.6273516951685756
87,-0.8748191492801922
88,-0.7937771510093508
89,-0.2416786238886619
90,-0.17655560407147286
91,-0.15991303729369255
92,-0.14471764716416846
93,-0.006512241932895346
94,-0.25325610772038365
95,-0.4602025803579979
96,-0.4753980411331966
97,-0.5890013726984455
98,-0.471779993544045
99,-0.4811866770805455
100,-0.5680173112987355
101,-0.5694645585926659
102,-0.5636757813539677
103,-0.13892901121682
104,-0.037626504547559225
105,-0.2720694041477101
106,-0.15918941364672756
107,-0.19392179449621816
108,-0.16353101423716998
109,-0.8494934872900393
110,-0.6989869039344043
111,-0.6953690682822766
112,-0.7235889069547539
113,-0.7272068838982313
114,-0.7445731096458137
115,-0.7771345489087333
116,-0.7836468085030477
117,-0.7677280066635825
118,-0.7930534567167107
119,-0.7778582432013739
120,-0.8335745088363873
121,-0.49348764326788297
122,-0.46020250971232324
123,-0.4811866064348709
124,-0.4992763498609065
125,-0.5484804971929558
126,-0.8994211169777047
127,-0.9479015700171138
128,-0.4652678752410804
129,-0.47178006418971963
130,0.11577411419905115
131,0.13603476388882063
132,0.10781471327931857
133,0.11287986687105178
134,0.10853826628060936
135,0.29088287718922334
136,0.5926194556104347
137,0.6056440454447376
138,0.6034732451495168
139,0.6092618810968657
140,-0.22286532746133547
141,-0.9312590385621711
142,-0.7981187162769561
143,-0.7250361895715223
144,-0.711287976090254
145,-0.8589000295351905
146,-0.6758320775623101
147,-0.6577423341362745
148,-0.8096959881716534
149,-0.8668596777147846
150,-0.7308249668102205
151,-0.667149017672775
152,-0.6968162096076953
153,-0.6881331143953227
154,-0.8285094258903292
155,-0.6953689623137644
156,-0.42185229321070494
157,-0.4522430734697531
158,-0.46092613335928867
159,-0.4782922531383589
160,-0.6968162449305324
161,-0.6534007688686692
162,-0.6512301098647977
163,-0.6208393296057495
164,-0.6193920823118191
165,-0.6859623494229385
166,-0.6722141712645078
167,-0.6526771805445413
168,-0.647612062275646
169,-0.7879883031249779
170,-0.46237331000754445
171,-0.6432705323308783
172,-0.4341534006893921
173,-0.42329946985896116
174,-0.7778581725556988
175,-0.6736613832356011
176,-0.7054992694972304
177,-0.6903039146905439
178,-0.6801736781527525
179,-0.6837915491277173
180,-0.6591895461073678
181,-0.6410997320356571
182,-0.645441367948937
183,-0.7901591034201991
184,-0.33068016437058523
185,-0.07018808510182861
186,-0.044138834787547765
187,-0.041968034492326556
188,-0.021707490771069704
189,-0.04630956443709433
190,-0.7033284692020092
191,-0.6114327520377612
192,-0.5759768181869802
193,-0.5180896816110705
194,-0.5072358214263137
195,-0.509406621721535
196,-0.4638204866558002
197,-0.468885640247533
198,-0.7380607794058252
199,-0.6237336829022615
200,-0.12879877467902867
201,-0.07163519110440975
202,-0.015918784178046153
203,-0.014471607529790376
204,-0.06005777791836264
205,-0.1092619252504119
206,-0.736613673403244
207,-0.6309695308207033
208,-0.6266280008759355
209,-0.6324167074689591
210,-0.6222864709311682
211,-0.6367583080594015
212,-0.6635311113749727
213,-0.8277857669205266
214,-0.7199711066254637
215,-0.7395080620225931
216,-0.7460202862940695
217,-0.9023153996285416
218,-0.529666988828605
219,-0.529666988828605
220,-0.5484804971929558
221,-0.518089646288233
222,-0.515195292991721
223,-0.8560058175300282
224,-0.7402314737325342
225,-0.8596237591506681
226,-0.4384949306341599
227,-0.4384949306341599
228,0.1447177884555182
229,0.13820549353836675
230,0.11577418484472624
231,0.10057872406952706
232,0.6164978349838197
233,0.6367583787050766
234,0.6085383987412492
235,0.6324168487603092
236,0.5839364663665743
237,-0.22575968075784703
238,-0.48914614864595274
239,-0.8943559633859715
240,-0.8972503166824835
241,-0.831403673218329
242,-0.7351664261093132
243,-0.6671490529956121
244,-0.7192474476556612
245,-0.6693197473223211
246,-0.6939218563111833
247,-0.7272069898667435
248,-0.7243125306017193
249,-0.7250361895715223
250,-0.7547032755379299
251,-0.8979738696837738
252,-0.5672938642659568
253,-0.558610663085072
254,-0.5629521930298398
255,-0.49565837291742953
256,-0.489869666324406
257,-0.8523878052637137
258,-0.7481911219121282
259,-0.748191015943616
260,-0.85021704029133
261,-0.65918965207588
262,-0.695368997636602
263,-0.7163531650048243
264,-0.7199710713026266
265,-0.7409551327023367
266,-0.6837915491277173
267,-0.8480462399961088
268,-0.4319826003941709
269,-0.43921848363545024
270,-0.45079589682149734
271,-0.4840810303770571
272,-0.8639652184497608
273,-0.795224327657607
274,-0.7879884797391647
275,-0.7807525258522108
276,-0.8863965624662389
277,-0.4515195204684628
278,-0.42908838838900865
279,0.06295220186054928
280,0.07959476863832915
281,0.3581766266559594
282,0.4819101947589992
283,0.8125906593737016
284,0.8060782584880384
285,0.8263387315636201
286,0.8068017408436541
287,0.8480464519331337
288,0.6193921882803313
289,-0.24674384812606975
290,-0.20984087891838232
291,-0.2720694041477101
292,-0.5267727768234431
293,-0.5253255295295123
294,-0.5217077292002221
295,-0.47395072319359155
296,-0.4493487908189162
297,0.03183804521439759
298,0.04848061199217746
299,0.02822013891659525
300,0.048480541346502815
301,0.03979748145696771
302,0.03835030480871149
303,-0.6599132404000079
304,-0.515195363637396
305,-0.513024669310687
306,-0.5600578044104907
307,-0.6056439394762254
308,-0.5918957613177946
309,-0.798842304601084
310,-0.707669999146777
311,-0.6830680314492645
312,-0.6432705676537158
313,-0.6946454799581487
314,-0.7489145336220693
315,-0.4254701995085073
316,-0.42329946985896116
317,-0.4261938231554727
318,-0.4630969336545099
319,-0.6230100592552961
320,-0.5043414328069646
321,-0.8726482783392959
322,-0.7836468791487223
323,-0.8060781525195257
324,-0.7402315797010464
325,-0.723588977600429
326,-0.7149059177108934
327,-0.7496381925918718
328,-0.8798841969034128
329,-0.7901591387430362
330,-0.19971035979789198
331,-0.18668584060926374
332,-0.17004334447715852
333,-0.15774223699847134
334,-0.10202611265480721
335,-0.447901649493498
336,0.16787272079612459
337,0.16353104956000752
338,0.04486249375735074
339,0.15050638908002956
340,0.1939218298190557
341,0.111432690222796
342,0.0998552770367489
343,0.11505059652059835
344,0.13820535224701747
345,0.0238783970348031
346,-0.37626640540483214
347,-0.39580329015628646
348,-0.829233014214457
349,-0.8046309405484324
350,-0.4652677339497311
351,-0.43777130698719446
352,-0.43994196599106594
353,-0.48263378308312666
354,-0.46888556960185834
355,-0.8589001355037027
356,-0.8212735779718874
357,-0.7771346902000831
358,-0.7416787563493021
359,-0.7633863707503026
360,-0.7727931249324782
361,-0.7923298683925828
362,-0.7923299037154203
363,-0.7843705027956878
364,-0.9370477098323571
365,-0.47612145284313767
366,-0.4819101594361612
367,-0.62952231884961
368,-0.47395072319359155
369,-0.8885673627614601
370,-0.7257597778956502
371,-0.6997104922585322
372,-0.720694624303917
373,-0.7004341159054976
374,-0.7199709653341144
375,-0.7076700697924516
376,-0.7214181419823702
377,-0.7561504875090233
378,-0.7221419069206849
379,-0.8429811923728878
380,-0.18089720466191528
381,-0.15774223699847134
382,-0.2149058205730907
383,-0.21490589121876535
384,-0.2206945978117889
385,-0.8191028129995037
386,-0.7026048808778813
387,-0.6808972311540433
388,-0.7923300096839325
389,-0.6787264308588221
390,-0.6722142419101829
391,-0.6497828978937044
392,-0.680173642829915
393,-0.6758321128851477
394,-0.6157743526282036
395,-0.782923326147432
396,-0.13169305732986558
397,-0.12228644443904013
398,-0.0795946979926545
399,-0.11505063184343545
400,-0.06657003751267654
401,-0.7575977348029541
402,-0.6447177796248087
403,-0.6099855047438303
404,-0.6150505876898889
405,-0.6432706382993905
406,-0.758321323127082
407,-0.49927642050658116
408,-0.5188132699351984
409,-0.6114327167149236
410,-0.6201157059587841
411,-0.6541244278384721
412,-0.35166411980178314
413,-0.375542640466517
414,-0.37120103987607456
415,-0.36830675722523765
416,-0.38856723030081985
417,-0.2865410999845941
418,-0.2771344870937682
419,-0.5745296768615615
420,-0.5115774573395937
421,-0.5680173466215725
422,-0.5477568735459903
423,-0.5636758166768052
424,-0.5441388966025134
425,-0.5390737430107806
426,-0.6468885092743553
427,-0.09189566417999195
428,-0.11649773784601658
429,-0.10564380701558518
430,-0.11070896060731839
431,-0.15050649504854174
432,-0.09913168871262101
433,-0.506512339070698
434,0.10419680698151668
435,0.10492043062848166
436,0.09696092374023735
437,0.12373365641013345
438,0.10057868874668996
439,0.10781478392499366
440,0.08900141685199259
441,0.0940664997980507
442,0.06801739077511959
443,0.07742400366594548
444,-0.5173661992554544
445,-0.19030395884409046
446,-0.22214177446004468
447,-0.5050650564539301
448,-0.45369017947233425
449,-0.4978292438583254
450,-0.8104197177871311
451,-0.704775645850265
452,-0.774240301580734
453,-0.7793053845267921
454,-0.7612156411007565
455,-0.7496381925918718
456,-0.7033284338791717
457,-0.8162084243801542
458,-0.6657018410245192
459,-0.7228654245991382
460,-0.8820549618757965
461,-0.5072357861034766
462,-0.4811866770805455
463,-0.4985527968596162
464,-0.6707669592934145
465,-0.5477568029003157
466,-0.9146165071072287
467,-0.7756873016148029
468,-0.7959479866274095
469,-0.8154848360560263
470,-0.8248915549153644
471,-0.8292330495372946
472,-0.7981186103084439
473,-0.7901591740658738
474,-0.7199710359797891
475,-0.6960925153150552
476,-0.15774223699847134
477,-0.1476120711063551
478,-0.16931979147586818
479,-0.13748183456856422
480,-0.07814745069872364
481,-0.12011564414381892
482,-0.32127355147975933
483,-0.33068023501625987
484,0.2641099325823024
485,0.24963809545406956
486,0.2836468173337572
487,0.2850939233363379
488,0.31548466827254895
489,0.3125903856217116
490,0.3335745529899343
491,0.7865412677680714
492,0.7995658576023743
493,0.8075254351362942
494,0.0528220006455955
495,0.1505065303713793
496,-0.1657018145323912
497,-0.18885664090448495
498,-0.5781475478365263
499,-0.5969608795866903
500,-0.7214182479508824
501,-0.5803183834545851
502,-0.5607814280574561
503,-0.5376266016853619
504,-0.5282199181488614
505,-0.537626672331037
506,-0.6005788565301673
507,-0.6273516245229009
508,-0.7054992694972304
509,-0.47612152348881276
510,-0.45369017947233425
511,-0.46526759265838136
512,-0.4348768830450078
513,-0.4363241303389387
514,-0.7301012371947428
515,-0.6041968334736443
516,-0.5882777843743177
517,-0.6063674924775162
518,-0.6367583787050766
519,-0.583936325075225
520,-0.5926193143190854
521,-0.5955137735841092
522,-0.7329955904912544
523,-0.46237323936186936
524,-0.17221407412670509
525,-0.18306786366578676
526,-0.17221407412670509
527,-0.1714905211254143
528,-0.4283646234506939
529,-0.726483366219778
530,-0.3162085038565383
531,0.30390739637785114
532,0.3712010751989121
533,0.38350225332327437
534,0.33285092934296934
535,0.34949335482939947
536,0.3342981766368993
537,0.3248914224547246
538,0.3429811658807598
539,0.3422574715881197
540,0.19319820617209027
541,-0.600578997821517
542,-0.21635320915837086
543,-0.2713458511464193
544,-0.57163532356505
545,-0.5477568029003157
546,-0.5441388966025134
547,-0.5325614127707916
548,-0.9196815900532869
549,-0.7677279006950704
550,-0.7243125659245568
551,-0.8212735073262123
552,-0.7127351527385097
553,-0.7431259683203955
554,-0.7112880114130915
555,-0.7366136380804065
556,-0.720694624303917
557,-0.7387844383756277
558,-0.8292329435687824
559,-0.47756862949139345
560,-0.22286525681566083
561,-0.21562937357438106
562,-0.23371911700041714
563,-0.3010129371128274
564,-0.8784370555779941
565,-0.7228653539534635
566,-0.7373371204360222
567,-0.7633864060731401
568,-0.7908827623900017
569,-0.8263387315636201
570,-0.7908828330356767
571,-0.8400868743992138
572,-0.8205500249705966
573,-0.8191028483223408
574,-0.8248915195925268
575,-0.7778581725556988
576,-0.8010129636049554
577,-0.7771345489087333
578,-0.8567294411769937
579,-0.10709126624654042
580,0.10419673633584159
581,0.7047757518187776
582,0.7329956611369299
583,0.7329958024282792
584,0.7395080620225931
585,0.5289435417958268
586,0.33140375269471267
587,0.32778577575123613
588,0.3277858463969112
589,0.3465991428242372
590,0.30463080808779264
591,-0.29956583111024626
592,-0.2677280861399667
593,-0.24891464842129096
594,-0.701157668906788
595,-0.06295220186054928
596,-0.11143258425428337
597,-0.07525316804788673
598,-0.18162082830888027
599,-0.17944995736798441
600,-0.7923300096839325
601,-0.6939218916340208
602,-0.6382055200304948
603,-0.6555715691638904
604,-0.6403762143572038
605,-0.6649782173775538
606,-0.6432705676537158
607,-0.6758320775623101
608,-0.6903038793677063
609,-0.670766994616252
610,-0.6888566320737755
611,-0.7062228224985208
612,-0.7923299037154203
613,-0.1837914873127522
614,-0.2525324840734182
615,-0.28002891103595484
616,-0.28798827663284987
617,-0.28364667604240745
618,-0.918234342759356
619,-0.769898665667454
620,-0.7749638899048619
621,-0.7518089575642559
622,-0.7011577748753002
623,-0.7351664614321507
624,-0.7597684644525007
625,-0.7402315443782088
626,-0.7641098884287558
627,-0.8437048160198533
628,-0.6114327167149236
629,-0.6266279655530984
630,-0.7575976288344419
631,-0.44862509652627613
632,-0.4536902501180089
633,-0.4348768830450078
634,-0.5701880762711191
635,-0.5166424696399772
636,-0.7547032402150928
637,-0.6338639194400524
638,-0.6360347550581111
639,-0.6056440101219005
640,-0.6273516951685756
641,-0.705499304820068
642,-0.23806092952788394
643,0.26338630893533743
644,0.27930532271182695
645,0.2713458158235822
646,0.20911721994857935
647,0.2178002445152778
648,0.7235891895374538
649,0.7539798991508269
650,0.7402316150238839
651,0.7800290081737575
652,0.20405220764819632
653,-0.007959489226825767
654,-0.769898665667454
655,-0.8017365872519209
656,-0.6316931191448312
657,-0.6070911514473187
658,-0.6497828625708673
659,-0.6389290730317856
660,-0.6476122035669953
661,-0.6403762143572038
662,-0.6447177796248087
663,-0.8277858022433637
664,-0.9117221184878797
665,-0.7438494859988483
666,-0.8024601755760488
667,-0.7959479866274095
668,-0.8835021738468898
669,-0.49493481991613875
670,-0.5094065157530228
671,-0.5043415034526397
672,-0.5224312468786754
673,-0.8813314441973437
674,-0.782923326147432
675,-0.7141823647096031
676,-0.845151992668109
677,-0.38856740691500713
678,-0.3509407080918421
679,0.247467365804523
680,0.24602025980194142
681,0.46671487527514977
682,0.7655572416911989
683,0.7409551680251738
684,0.7438495919673604
685,0.7662808653381639
686,0.8299566378614225
687,0.8299567085070976
688,0.7626628883946873
689,-0.27062229814512895
690,-0.23733734120375605
691,-0.6049203864749351
692,-0.6056440454447376
693,-0.5911722789621789
694,-0.7836468438258848
695,-0.6519537335117631
696,-0.7004340805826601
697,-0.7134587057398001
698,-0.1157740435533765
699,-0.22286532746133547
700,-0.14327047051591268
701,-0.1215628207920747
702,-0.15918941364672756
703,-0.15050628311151737
704,-0.6251808595505173
705,-0.626628036198773
706,-0.6215628826070403
707,-0.6389290730317856
708,-0.593342973288888
709,-0.633140295793087
710,-0.6251808242276797
711,-0.6714904769718677
712,-0.6765556305636009
713,-0.6975397979318232
714,-0.6982633862559511
715,-0.5050649858082554
716,-0.6201157766044592
717,-0.5065122331021858
718,-0.5303907537669201
719,-0.514471669344756
720,-0.5253255295295123
721,-0.5332851070634317
722,-0.900144669978995
723,-0.7930535626852229
724,-0.8907379864424945
725,-0.7713459129613849
726,-0.7901592093887113
727,-0.7814760435306636
728,-0.7800289375280829
729,-0.7597684644525007
730,-0.7460202509712324
731,-0.8176555657055729
732,-0.21418226757180037
733,-0.3458754132087596
734,-0.2612154733172787
735,-0.272069333502035
736,-0.8169319067357699
737,-0.7612156411007565
738,-0.8885672567929479
739,-0.5065122684250234
740,-0.445007296196986
741,0.08900138152915504
742,0.09406646447521316
743,0.09623733541610902
744,0.04341524646342032
745,0.06222854289074675
746,0.07018812042466616
747,0.10057883003803925
748,0.09479001747650351
749,-0.5817655601028409
750,-0.40955136234620504
751,-0.7120115644143818
752,-0.06874083780789775
753,-0.03183786860021032
754,-0.023154808710675212
755,-0.07380592075395587
756,-0.052098341675792526
757,-0.7054992694972304
758,-0.5998552328832019
759,-0.670766994616252
760,-0.5658466169720264
761,-0.5101302100456628
762,-0.47467434684055654
763,-0.4898697369700806
764,-0.47756862949139345
765,-0.4753978998418473
766,-0.47322717019230076
767,-0.4696091932488238
768,-0.6005788565301673
769,-0.5238783528812565
770,-0.7344427318166731
771,-0.6801736075070779
772,-0.6599131344314957
773,-0.07525323869356138
774,-0.020984149706803734
775,-0.028943515303698764
776,0.5622286047057123
777,0.5202604819062913
778,0.4479015082021487
779,0.4573083330299985
780,0.2069463136848464
781,0.20766993733181138
782,0.2185237975165677
783,0.37916072337850615
784,0.49565847888594217
785,0.43270625936397433
786,-0.11649794978304095
787,0.1447177531326811
788,-0.27496375744422163
789,-0.18740946425622917
790,-0.34587548385443423
791,-0.21780024451527735
792,-0.8154847654103516
793,-0.7047757164959401
794,-0.678002948503206
795,-0.6410998380041693
796,-0.664978323346066
797,-0.6830679608035894
798,-0.7120115644143818
799,-0.7547032755379299
800,-0.7720693953170006
801,-0.7677278653722328
802,-0.7460202862940695
803,-0.8690304073643311
804,-0.24312580053691768
805,-0.2395078235934407
806,-0.24457297718517346
807,-0.23299556399912635
808,-0.17655560407147286
809,-0.8603473121519585
810,-0.8632415948027954
811,-0.6519536275432509
812,-0.8140375181164208
813,-0.662083970049554
814,-0.6432706029765529
815,-0.6526772511902164
816,-0.6526772158673788
817,-0.6316931897905058
818,-0.7286541311921617
819,-0.6497828625708673
820,-0.6208393296057495
821,-0.33285099998864354
822,-0.12590442138251712
823,0.4551373914434276
824,0.3820549353836684
825,0.38422573567889007
826,0.35600568506938846
827,0.38567298297282093
828,0.37192484013722726
829,0.11577425549040088
830,0.05354555364688629
831,0.0832125689676193
832,0.0745295090780842
833,-0.45586108573606765
834,-0.47973953575512684
835,-0.9001446346561575
836,-0.7684515949877104
837,-0.7445731096458137
838,-0.7279305428680338
839,-0.868306713071691
840,-0.4392184129897756
841,-0.22720671611475352
842,-0.17583205107018207
843,-0.22503612775655668
844,-0.20477565468097447
845,-0.8849493151723085
846,-0.8133140710836426
847,-0.8335745088363873
848,-0.798118645631281
849,-0.767727971340745
850,-0.7735166072880939
851,-0.6997105629042069
852,-0.6649782880232284
853,-0.6910275383375089
854,-0.6903039146905439
855,-0.6816208901238459
856,-0.7749637839363497
857,-0.6570187811349837
858,-0.6678726413197404
859,-0.6946455152809863
860,-0.698986974580079
861,-0.8422575334030853
862,-0.20115753644614776
863,-0.1729375564823208
864,-0.1830679343114614
865,-0.19392165320486843
866,-0.22720678676042816
867,-0.8350217208074806
868,-0.7054991988515558
869,-0.7395080266997556
870,-0.7047757164959401
871,-0.69247464434009
872,-0.7402315443782088
873,-0.8075253998134566
874,-0.5557163097885605
875,-0.6960926919292421
876,-0.5253255295295123
877,-0.5383501193638152
878,-0.5166425402856518
879,-0.27279302779467507
880,0.0057888655457918325
881,0.022431361677897055
882,0.03039093921181646
883,0.04703336469824704
884,0.05354569493823558
885,0.060781578179514906
886,-0.5723588059206657
887,-0.4942112669148484
888,-0.5774239595123984
889,-0.5730824295676311
890,-0.5730825002133058
891,-0.5289434711501522
892,-0.5839362544295499
893,-0.5752532298628523
894,-0.5549928274329448
895,-0.642547014652425
896,-0.03690288090059379
897,-0.04269165813929199
898,-0.04124448149103621
899,-0.06512279021874612
900,-0.10130241836216713
901,-0.8314037438640036
902,-0.751085369240128
903,-0.7807525964978854
904,-0.7756874429061527
905,-0.7872648560921993
906,-0.8227207546201432
907,-0.7887119620947804
908,-0.8075253998134566
909,-0.7619392294248843
910,-0.7337192141382198
911,-0.741678685703627
912,-0.7561504875090233
913,-0.8458754750237252
914,-0.4334297770424267
915,-0.48263378308312666
916,-0.46164961571490437
917,-0.42908824709765936
918,-0.44211276628628715
919,-0.4565846034145209
920,-0.7988422339554089
921,-0.7561504875090233
922,-0.7467439099410349
923,-0.7525326165340585
924,-0.7604919821309535
925,-0.774240301580734
926,-0.7438495213216858
927,-0.7662807593696517
928,-0.6874095613940319
929,-0.3277856697827235
930,0.1468885534279023
931,0.6577424754276242
932,0.7250361542486852
933,0.6700435122606363
934,0.43270625936397433
935,0.09044848753173618
936,0.08972504049895758
937,0.08321274558180614
938,0.0803182863167824
939,0.05861056594726932
940,-0.3277856697827235
941,-0.3277856697827235
942,-0.3277856697827235
943,-0.3277856697827235
944,-0.3277856697827235
945,-0.3277856697827235
946,-0.3277856697827235
947,-0.3277856697827235
948,-0.3277856697827235
949,-0.3277856697827235
950,-0.3277856697827235
951,-0.3277856697827235
952,-0.3277856697827235
953,-0.3277856697827235
954,-0.3277856697827235
955,-0.3277856697827235
956,-0.3277856697827235
957,-0.3277856697827235
958,-0.3277856697827235
959,-0.3277856697827235
960,-0.3277856697827235
961,-0.3277856697827235
962,-0.3277856697827235
963,-0.3277856697827235
964,-0.3277856697827235
965,-0.3277856697827235
966,-0.8191027776766662
967,-0.6852388670673228
968,-0.7141824000324406
969,-0.6823443724794616
970,-0.6837916197733924
971,-0.7800289375280829
972,-0.6722142065873453
973,-0.6917510913387996
974,-0.7865412677680714
975,-0.18958026455145038
976,-0.12300999744033048
977,-0.1924745472022873
978,-0.05643980097488566
979,-0.028943374012349032
980,-0.007235794934185691
981,-0.24023151788608077
982,-0.46164975700625366
983,-0.4175107632659376
984,-0.4225759168576704
985,-0.46671491059798687
986,-0.4413892132849968
987,-0.6092619164197024
988,-0.5173661639326173
989,-0.5094065863986978
990,0.013024819432746249
991,0.031838115860072236
992,0.001447335601024058
993,0.022431361677897055
994,0.010853948491849952
995,-0.04124448149103621
996,-0.7178002710074054
997,-0.6041967628279696
998,-0.5904486199923764
999,-0.5817654894571662
1000,-0.6179449056635629
1001,-0.7561504875090233
1002,-0.60492031582926
1003,-0.6273515892000634
1004,-0.8465992046392024
1005,-0.7952242923347694
1006,-0.7662808300153268
1007,-0.8364689327785739
1008,-0.514471669344756
1009,-0.5050649858082554
1010,-0.5282198828260238
1011,-0.5202603759377795
1012,-0.5318377891238262
1013,-0.8958032106799023
1014,-0.7713459836070595
1015,-0.786541303090909
1016,-0.7474673922966506
1017,-0.7445730743229766
1018,-0.7257598132184873
1019,-0.7185238240086957
1020,-0.7206946596267545
1021,-0.9095513181926584
1022,-0.1657018145323912
1023,-0.1519535304054478
1024,-0.16859616782890274
1025,0.1143271141649822
1026,0.12011582075800575
1027,0.20332844270988115
1028,0.18740942893339207
1029,0.15629513099589065
1030,0.16931982679870572
1031,0.15846593129111186
1032,0.15340084834505374
1033,0.1671490265034845
1034,0.1830678989886243
1035,0.17076707409263614
1036,0.15340091899072839
1037,-0.46237341597605663
1038,-0.37120114584458674
1039,-0.7908826564214895
1040,-0.6555716398095655
1041,-0.7633864060731401
1042,-0.4406655896380314
1043,-0.617944976309238
1044,-0.5593342160863628
1045,-0.617944976309238
1046,-0.7684515949877104
1047,-0.7301013078404175
1048,-0.7214182126280448
1049,-0.7163531296819867
1050,-0.76700434769378
1051,-0.7105644230889632
1052,-0.7590448761283723
1053,-0.8654124304208541
1054,-0.6526772158673788
1055,-0.7489146042677439
1056,-0.4269173055110884
1057,-0.4479014728793107
1058,-0.4811865357891958
1059,-0.5246019765282219
1060,-0.8972503166824835
1061,-1.0
1062,-0.8683068896858779
1063,-0.8227206839744685
1064,-0.7684515596648729
1065,-0.8118669650810615
1066,-0.7879884797391647
1067,-0.7583212878042445
1068,-0.723588977600429
1069,-0.8024601755760488
1070,-0.4334298476881018
1071,-0.1302458806816098
1072,-0.14254691751462234
1073,-0.09189580547134124
1074,-0.12807522167773833
1075,-0.16136028458762341
1076,-0.7373371204360222
1077,-0.6201158472501338
1078,-0.6208393296057495
1079,-0.6432706029765529
1080,-0.6230101299009707
1081,-0.6410998733270068
1082,-0.56729368765177
1083,-0.7351663907864756
1084,-0.6736613832356011
1085,-0.1519535304054478
1086,-0.2525324134277436
1087,-0.1418232938676569
1088,-0.18017358101494985
1089,-0.20188137203013756
1090,-0.39507956054080884
1091,-0.7590448761283723
1092,-0.6164977643381446
1093,-0.6005788565301673
1094,-0.5955137735841092
1095,-0.6324167074689591
1096,-0.649059344892414
1097,-0.6874095260711948
1098,-0.6729377242657986
1099,-0.5600577690876531
1100,-0.5492039795485715
1101,-0.6852387257759736
1102,-0.365412333283051
1103,-0.378436993763029
1104,-0.3979739138373204
1105,-0.42040511656244917
1106,-0.375542640466517
1107,-0.3697538632278188
1108,-0.7279305781908714
1109,-0.6150505876898889
1110,-0.6237336829022615
1111,-0.6570188871034959
1112,-0.6157742466596914
1113,-0.5824890777812941
1114,-0.5781476184822014
1115,-0.5955137735841092
1116,-0.34804628414965544
1117,-0.10564387766125982
1118,-0.09189566417999195
1119,-0.12301006808600512
1120,-0.14833569475332053
1121,-0.15122997740415745
1122,-0.7199709653341144
1123,-0.2800289816816295
1124,-0.2764110047381525
1125,0.23444281129305722
1126,0.21273519689205678
1127,0.14037618786507577
1128,0.23806071759085956
1129,0.20477558403529983
1130,0.21345874989334757
1131,0.1982633244409855
1132,0.1056440542754471
1133,-0.5303907890897572
1134,-0.48914614864595274
1135,-0.5267728827919553
1136,-0.9312590385621711
1137,-0.7438494153531736
1138,-0.6208393296057495
1139,-0.5607813927346186
1140,-0.5376265663625248
1141,-0.5094065157530228
1142,-0.8994210463320296
1143,-0.782923326147432
1144,-0.7713457716700352
1145,-0.7438495213216858
1146,-0.7829233614702691
1147,-0.7677279006950704
1148,-0.7872648914150369
1149,-0.7344428377851853
1150,-0.7518088869185808
1151,-0.5209840702304196
1152,-0.49348764326788297
1153,-0.5202604465834542
1154,-0.5542692037859793
1155,-0.4573080857701366
1156,-0.8458754397008876
1157,-0.7322720374899641
1158,-0.7272068838982313
1159,-0.723589012923266
1160,-0.712011670382894
1161,-0.8907380570881691
1162,-0.7474674629423257
1163,-0.9015918466272508
1164,-0.7004341159054976
1165,-0.8415339450789574
1166,-0.8400868390763763
1167,-0.23733702329821948
1168,-0.21780017386960226
1169,-0.2235889511083009
1170,-0.19898687744227628
1171,-0.1881330879031946
1172,-0.8039073875471421
1173,-0.7112880467359286
1174,-0.7163531650048243
1175,-0.6830679608035894
1176,-0.6975397979318232
1177,-0.6910275030146718
1178,-0.7018813631994281
1179,-0.6982633862559511
1180,-0.651230039219123
1181,-0.730101343163255
1182,-0.10564394830693491
1183,-0.12662804502948255
1184,-0.11722136149298201
1185,-0.047756811731025195
1186,-0.09334291147392237
1187,-0.09768451206436479
1188,-0.6056440454447376
1189,-0.6222865415768428
1190,-0.5875542313730269
1191,-0.6215629885755525
1192,-0.7749637839363497
1193,-0.7011577042296255
1194,-0.7387843324071155
1195,-0.7076699638239394
1196,-0.7568740051874765
1197,-0.7670043830166171
1198,-0.769898665667454
1199,-0.875542666958645
1200,-0.22865396340868394
1201,-0.12445724473426134
1202,-0.0629521312148742
1203,-0.05354544767837366
1204,-0.04703318808405976
1205,-0.7047757164959401
1206,-0.6085383280955745
1207,-0.6193921529574937
1208,-0.6143270700114356
1209,-0.5962372206168873
1210,-0.5984080562349461
1211,-0.661360346402589
1212,-0.6707670652619266
1213,-0.689580326366416
1214,-0.7568741464788262
1215,-0.5159189166386864
1216,-0.52966705947428
1217,-0.6722140652959956
1218,-0.2771344870937682
1219,-0.31765550389060726
1220,-0.4254702701541824
1221,-0.3625180506322141
1222,-0.40448617343163473
1223,-0.7684515596648729
1224,-0.6418233556826225
1225,-0.6548480161626
1226,-0.8060780818738511
1227,-0.6816208194781712
1228,-0.6599132404000079
1229,-0.6447177443019716
1230,-0.6620838640810418
1231,-0.5984080562349461
1232,-0.626628036198773
1233,-0.6461649562730649
1234,-0.5600578397333282
1235,-0.028943374012349032
1236,-0.01808958447326736
1237,-0.01808958447326736
1238,-0.07670034469614251
1239,-0.11794491449427236
1240,-0.8531113935878416
1241,-0.7626628530718498
1242,-0.7337192494610574
1243,-0.7503617455931626
1244,-0.7206945536582423
1245,-0.725759671927138
1246,-0.7756873722604776
1247,-0.7988423399239211
1248,-0.8039074228699796
1249,-0.785817644121106
1250,-0.7843704321500131
1251,-0.8053545995182354
1252,-0.7554270051534075
1253,-0.7720695012855128
1254,-0.7481910512664536
1255,-0.8198262600322819
1256,-0.46454403965709057
1257,-0.20839356097877682
1258,-0.154124330700669
1259,-0.15701875464285564
1260,-0.1541244013463441
1261,-0.7930535626852229
1262,-0.6801736781527525
1263,-0.7496382279147094
1264,-0.720694624303917
1265,-0.7026048808778813
1266,-0.7648335473985588
1267,-0.8393632154294108
1268,-0.7771345842315709
1269,-0.3719247694915522
1270,-0.4175110105257991
1271,0.20622279600639315
1272,0.4529665911482068
1273,0.5224312822015129
1274,0.764109994397268
1275,0.7908827977128396
1276,0.7633864413959781
1277,0.7778582078785368
1278,0.7720695012855128
1279,0.7156296120035339
1280,-0.1461651063951237
1281,-0.34659931943842404
1282,-0.7344428024623477
1283,-0.6309695661435408
1284,-0.6208394002514241
1285,-0.6903038087220317
1286,-0.6244573771949016
1287,-0.6418234263282971
1288,-0.6584659224604024
1289,-0.6678726413197404
1290,-0.1295223983259941
1291,-0.12590442138251712
1292,-0.150506353757192
1293,-0.19898687744227628
1294,-0.2293777283469991
1295,-0.7785817608798267
1296,-0.7098407641191606
1297,-0.7178002003617303
1298,-0.7590449114512099
1299,-0.7547033108607675
1300,-0.7199711066254637
1301,-0.7496382279147094
1302,-0.7279305075451963
1303,-0.8740954549875517
1304,-0.6989869392572414
1305,-0.6765556305636009
1306,-0.6917511266616372
1307,-0.80463097587127
1308,-0.47395065254791646
1309,-0.18234424001882132
1310,-0.1678725441819373
1311,-0.1628074612358792
1312,-0.13675828156727343
1313,-0.12373369173297055
1314,-0.7149059883565685
1315,-0.8516641816167483
1316,-0.704775645850265
1317,-0.7568741464788262
1318,-0.7351664614321507
1319,-0.7568741111559887
1320,-0.7981186103084439
1321,-0.7742402662578964
1322,-0.7865412677680714
1323,-0.7742402662578964
1324,-0.8769898436069012
1325,-0.666425358702972
1326,-0.6237337182250986
1327,-0.615050623012726
1328,-0.32344428112930546
1329,-0.3039072197636643
1330,-0.2670042505559769
1331,-0.41895786926851875
1332,-0.2923298772232923
1333,-0.4081041503751117
1334,-0.5795947951304572
1335,-0.6114326107464114
1336,-0.6410998026813317
1337,-0.6439941206550062
1338,-0.6548479455169254
1339,-0.6570187811349837
1340,-0.6439940853321686
1341,-0.6599131344314957
1342,-0.6309695661435408
1343,-0.6953690682822766
1344,-0.2814760876842106
1345,-0.28654117063026874
1346,-0.2785817343876986
1347,-0.29956583111024626
1348,-0.38494925335734287
1349,-0.7612156764235936
1350,-0.9117220831650421
1351,-0.8205500249705966
1352,-0.8227207546201432
1353,-0.785094020474141
1354,-0.8068018114893287
1355,-0.8031838345458513
1356,-0.8248914136240146
1357,-0.8053545641953979
1358,-0.7713459482842224
1359,-0.8697539250427844
1360,-0.23444274064738257
1361,-0.1772791570727632
1362,-0.18958012326010065
1363,-0.20043398344485697
1364,-0.15557150734892522
1365,-0.06512307280144514
1366,-0.34515200149881853
1367,-0.3965268431575768
1368,0.21345871457050958
1369,0.22431261007810388
1370,0.2901590769280711
1371,0.347322695825528
1372,0.35528213206809767
1373,0.39580321951061137
1374,0.4421128722547998
1375,0.7141823647096031
1376,0.40810418569794926
1377,0.3871201596210767
1378,0.3162085038565383
1379,-0.034732221896722315
1380,-0.030390621306279897
1381,-0.032561421601501106
1382,-0.6599131697543328
1383,-0.5709116999180845
1384,-0.5448624849266412
1385,-0.7178002356845679
1386,-0.6338638841172148
1387,-0.6056440454447376
1388,-0.6830679254807523
1389,-0.6823444078022991
1390,-0.7156294707121842
1391,-0.7293776841934525
1392,-0.8444283336983065
1393,-0.5962373972310746
1394,-0.2923298065776172
1395,-0.23299556399912635
1396,-0.24746733048168545
1397,-0.2633862736124999
1398,-0.250361683778197
1399,-0.8965267283583556
1400,-0.741678685703627
1401,-0.8835021738468898
1402,-0.7532562048581863
1403,-0.6866859024242293
1404,-0.7301012725175804
1405,-0.6700433356464495
1406,-0.6866860083927415
1407,-0.754703346183605
1408,-0.9023153996285416
1409,-0.7887120327404555
1410,-0.7887119620947804
1411,-0.9015919172729259
1412,-0.2467439187717444
1413,-0.1729378390650198
1414,0.4450072961969864
1415,0.3871201596210767
1416,0.4833574420529292
1417,0.4819103360503485
1418,0.2424022122127898
1419,0.24529663615497643
1420,-0.2619392382555934
1421,-0.3104197266178401
1422,-0.701157668906788
1423,-0.6367583080594015
1424,-0.878437020255157
1425,-0.7221418362750103
1426,-0.7742402662578964
1427,-0.7836468791487223
1428,-0.8733719373090989
1429,-0.49999997350787195
1430,-0.6613602757569139
1431,-0.2908827005750365
1432,-0.27785804009505854
1433,-0.2235889511083009
1434,-0.8494935226128768
1435,-0.7547032755379299
1436,-0.7279305075451963
1437,-0.7481909452979414
1438,-0.7850940557969781
1439,-0.7945007393334786
1440,-0.8219972016188528
1441,-0.9059333765720186
1442,-0.6331404017615991
1443,-0.6121563050390515
1444,-0.6027496568253885
1445,-0.6107090224222835
1446,-0.5962372559397249
1447,-0.5940665262901783
1448,-0.6121561990705393
1449,-0.7481910512664536
1450,-0.3458754132087596
1451,-0.32416783413059624
1452,-0.3219971044810497
1453,-0.3516641904474578
1454,-0.33936322426012033
1455,-0.6208393296057495
1456,-0.6859623847457761
1457,-0.6628074170823326
1458,-0.6382055200304948
1459,-0.6396525553874013
1460,-0.6649782173775538
1461,-0.6215629532527149
1462,-0.6143271053342731
1463,-0.5767003711882706
1464,-0.11070910189866767
1465,-0.048480294086640896
1466,0.02532571497440861
1467,-0.0861069575869684
1468,0.010853948491849952
1469,-0.058610601270106866
1470,-0.08104187464091028
1471,-0.5340085894190474
1472,-0.5332851070634317
1473,-0.49710562021135996
1474,-0.5159189872843615
1475,-0.5470331792533503
1476,-0.4913169842640115
1477,-0.5253256354980245
1478,-0.5680173819444101
1479,-0.7076701051152892
1480,-0.09334291147392237
1481,-0.08610702823264305
1482,-0.0984079944199805
1483,-0.1787264750123687
1484,-0.20188123073878783
1485,-0.8212735779718874
1486,-0.7489146042677439
1487,-0.7040520928489746
1488,-0.6888567733651252
1489,-0.710564317120451
1490,-0.7069464108226491
1491,-0.7272069898667435
1492,-0.7098407641191606
1493,-0.7590448761283723
1494,-0.7670043123709425
1495,-0.7575976288344419
1496,-0.7561504521861862
1497,-0.5086829627517324
1498,-0.515195363637396
1499,-0.2735165101502912
1500,-0.2829232643324664
1501,-0.268451356558558
1502,-0.2518088604264528
1503,-0.9138928834602633
1504,-0.8068018114893287
1505,-0.8227207192973056
1506,-0.8552821585602257
1507,-0.44862527314046297
1508,-0.5824891837498063
1509,0.14616489445809933
1510,0.15484798967047197
1511,0.1476120711063551
1512,0.14254691751462234
1513,0.157018683997181
1514,0.16570188517806583
1515,0.14327054116158777
1516,0.11360341987234213
1517,0.3342981059912251
1518,-0.18958033519712503
1519,-0.12083940908213364
1520,-0.4160636572633565
1521,-0.43560050669197325
1522,-0.40014464348686696
1523,-0.8046309052255953
1524,-0.7402315443782088
1525,-0.7127352233841844
1526,-0.6555715338410533
1527,-0.688856667396613
1528,-0.8835021738468898
1529,-0.7004341865511723
1530,-0.8523879112322259
1531,-0.7966713983373506
1532,-0.9956583994095576
1533,-0.9030391645668563
1534,-0.558610663085072
1535,-0.2749636161528719
1536,-0.2901590769280711
1537,-0.29594778352109463
1538,-0.19971043044356662
1539,-0.7402315797010464
1540,-0.7062228931441958
1541,-0.6743850422054041
1542,-0.6953690329594391
1543,-0.6678725706740654
1544,-0.6678726059969029
1545,-0.7945007040106415
1546,-0.5723588765663403
1547,-0.6041967628279696
1548,-0.6287988718168318
1549,-0.6164978703066568
1550,-0.7178003063302425
1551,-0.536903013361234
1552,-0.5824890424584566
1553,-0.5752531945400148
1554,-0.5969608795866903
1555,-0.7489145336220693
1556,-0.3270621874271078
1557,-0.4095513270233675
1558,-0.026049162007186766
1559,0.02243114974087268
1560,0.051374682705989994
1561,0.3176554685677697
1562,0.3306799877563984
1563,0.3473226251798529
1564,0.28147601703853553
1565,0.36613606289852907
1566,0.30969606764803803
1567,0.5564399687583634
1568,0.9001447406246701
1569,0.876989984898251
1570,0.4348771303048702
1571,0.4283648707105563
1572,-0.0745295444009213
1573,0.007235971548372966
1574,-0.023878361711965557
1575,-0.5028943268043835
1576,-0.5643994403237707
1577,-0.5629521577070022
1578,-0.5643994050009331
1579,-0.5600578044104907
1580,-0.5687409349457009
1581,-0.6410998733270068
1582,-0.6490593802152511
1583,-0.7250361895715223
1584,-0.7821997025004666
1585,-0.1787264750123687
1586,-0.1888567115501596
1587,-0.15267715405241322
1588,-0.20766993733181138
1589,-0.20405203103400904
1590,-0.8646888774195634
1591,-0.7438494859988483
1592,-0.7843705734413624
1593,-0.7749638192591872
1594,-0.8068017761664912
1595,-0.7706222893144195
1596,-0.7829233967931066
1597,-0.7626627117805
1598,-0.8675831600704003
1599,-0.7250361189258472
1600,-0.7655571710455238
1601,-0.7510854752086402
1602,-0.894355998708809
1603,-0.20767000797748603
1604,0.05282214193694523
1605,0.6903039146905439
1606,0.6541244984841468
1607,0.5615050517044216
1608,0.5918958319634697
1609,0.10057879471520215
1610,0.10130248900784222
1611,0.09189566417999195
1612,0.13675817559876124
1613,0.14399405884004102
1614,0.05716345994468819
1615,-0.3813314177052156
1616,-0.36324170960201707
1617,-0.7894355504189083
1618,-0.7018813985222656
1619,-0.7076700344696141
1620,-0.7163531296819867
1621,-0.7120115997372194
1622,-0.8256150372709801
1623,-0.5021707738030932
1624,-0.43632405969326404
1625,-0.4515194498227877
1626,-0.42908824709765936
1627,-0.41895801055986803
1628,-0.4204051872081238
1629,-0.8053545641953979
1630,-0.6866860083927415
1631,-0.7062228931441958
1632,-0.6562952281336933
1633,-0.6830680314492645
1634,-0.6772792542105659
1635,-0.7561504521861862
1636,-0.8871201154675297
1637,-0.7836468085030477
1638,-0.8241678606227243
1639,-0.9790158679546148
1640,-0.6548480161626
1641,-0.3075252673528164
1642,-0.24674384812606975
1643,-0.27351658079596586
1644,-0.27713455773944284
1645,-0.8791606439021225
1646,-0.7749637486135121
1647,-0.7438495919673604
1648,-0.7373371910816968
1649,-0.723588977600429
1650,-0.7474674629423257
1651,-0.770622324637257
1652,-0.7749638192591872
1653,-0.7836468085030477
1654,-0.8219971309731777
1655,-0.8328509205122594
1656,-0.7973951985985028
1657,-0.7590448054826977
1658,-0.7778581372328617
1659,-0.7684514890191982
1660,-0.838639627105283
1661,-0.24602015383342923
1662,-0.18958026455145038
1663,-0.2040519603883344
1664,-0.1678725441819373
1665,-0.1736613214206355
1666,-0.8140375887620959
1667,-0.5123009396952094
1668,-0.4905932899713714
1669,-0.47177992289837034
1670,-0.45079589682149734
1671,-0.4341533300437175
1672,-0.45079589682149734
1673,-0.44211283693196224
1674,-0.4507960381128471
1675,-0.2062229019749049
1676,0.019536937735710413
1677,0.13892932912235656
1678,0.14254716477448426
1679,0.03979755210264235
1680,0.0730825443668528
1681,0.04124472875089813
1682,-0.21201146727657916
1683,-0.5021707031574181
1684,-0.5311142361225358
1685,-0.5571634511139787
1686,-0.5419680963072921
1687,-0.5238784235269311
1688,-0.5311143067682105
1689,-0.589724996345411
1690,-0.6389290730317856
1691,-0.6078147044486091
1692,-0.5701880056254445
1693,-0.6874094907483572
1694,-0.5021707031574181
1695,-0.49782917321265074
1696,-0.5390737430107806
1697,-0.5282199534716989
1698,-0.5340085894190474
1699,-0.561505016381584
1700,-0.8002894812493397
1701,-0.9088278358370423
1702,-0.46092627465063796
1703,-0.4536904267321962
1704,0.07163526175008439
1705,0.1143271141649822
1706,0.120839338436459
1707,0.1447177884555182
1708,0.46743842827643967
1709,0.6866859377470664
1710,0.7112880114130915
1711,0.6280754601068912
1712,0.22575985737203474
1713,-0.020984149706803734
1714,-0.10853837224912155
1715,-0.6222864709311682
1716,-0.6230100592552961
1717,-0.6519536628660885
1718,-0.7033284692020092
1719,-0.6657018763473563
1720,-0.6881331497181598
1721,-0.6816209254466834
1722,-0.6548480514854376
1723,-0.6758321835308223
1724,-0.6787264308588221
1725,-0.8777134319310291
1726,-0.7575976641572795
1727,-0.7590448761283723
1728,-0.8125904121138396
1729,-0.5455860732507691
1730,-0.5564398627898508
1731,-0.6895802557207409
1732,-0.2547032137229648
1733,-0.2438494241838831
1734,-0.19536897114447394
1735,-0.8147612477318984
1736,-0.7156294353893466
1737,-0.6953689623137644
1738,-0.7076700697924516
1739,-0.7380608147286623
1740,-0.7185238946543708
1741,-0.6830680314492645
1742,-0.7011577748753002
1743,-0.6997104922585322
1744,-0.7120115290915443
1745,-0.688856667396613
1746,-0.8219970603275031
1747,-0.7279306135137085
1748,-0.7973951632756653
1749,-0.7409550267338245
1750,-0.7814760082078265
1751,-0.931982697531974
1752,0.01881338473442007
1753,0.017366208086163848
1754,0.6179450822777506
1755,0.6526773924815661
1756,0.6562952987793684
1757,0.390014371626239
1758,0.18306793431146184
1759,0.17149052112541474
1760,0.1642546732069725
1761,0.18813301725751996
1762,0.24529660083213933
1763,0.2474674011273601
1764,0.2301012813482899
1765,-0.34877001376513306
1766,-0.7301012018719053
1767,-0.7764110665531176
1768,-0.3632415329878298
1769,-0.12662804502948255
1770,-0.12518086838122633
1771,-0.07670034469614251
1772,-0.07018808510182861
1773,-0.09117204053302652
1774,-0.7322721081356387
1775,-0.6700433709692866
1776,-0.6758320775623101
1777,-0.6960925506378923
1778,-0.8089725058160377
1779,-0.7047756105274274
1780,-0.6866859377470664
1781,-0.7127352233841844
1782,-0.6591895461073678
1783,-0.6490593095695765
1784,-0.6085383280955745
1785,-0.7250362602171969
1786,-0.15774230764414643
1787,-0.12373362108729591
1788,-0.12011571478949357
1789,-0.044862387788838554
1790,-0.03473215125104723
1791,-0.07163526175008439
1792,-0.5962372559397249
1793,-0.6041967275051321
1794,-0.626628036198773
1795,-0.6128798227175047
1796,-0.5882778196971552
1797,-0.589724996345411
1798,-0.5803183128089104
1799,-0.5998552682060394
1800,-0.5933429379660504
1801,-0.5795947244847826
1802,-0.6136034816873077
1803,-0.7033285045248467
1804,-0.3574528263948067
1805,-0.3972502901903554
1806,-0.40376262043034394
1807,-0.3523878140944232
1808,-0.3668596512226565
1809,-0.18958026455145038
1810,-0.14905931840028597
1811,-0.2945008188098628
1812,0.3465991428242372
1813,0.3292329523994919
1814,0.341533989232504
1815,0.3690304868407157
1816,0.24529656550930135
1817,0.24095503556453401
1818,0.2409551062102091
1819,0.4515195557913003
1820,0.44211294290047487
1821,0.41534006893922903
1822,-0.20477565468097447
1823,-0.21924742116353313
1824,-0.5123008690495348
1825,-0.8835021032012151
1826,-0.7959479159817349
1827,-0.7894356917102581
1828,-0.8183791540297007
1829,-0.8060781171966886
1830,-0.8002894812493397
1831,-0.808248952814747
1832,-0.7901592447115484
1833,-0.7836468438258848
1834,-0.774240301580734
1835,-0.9146164717843912
1836,-0.2612155439629533
1837,-0.24674377748039467
1838,-0.357452967686156
1839,-0.2547032137229648
1840,-0.274963686798547
1841,-0.8871200801446921
1842,-0.769175042020489
1843,-0.7706223599600945
1844,-0.7793054198496296
1845,-0.8125904827595147
1846,-0.8755427376043201
1847,-0.7279306135137085
1848,-0.7040520222032995
1849,-0.6939218209883462
1850,-0.6497828272480297
1851,-0.794500668687804
1852,-0.3950796311864835
1853,-0.42040522253096135
1854,0.12228644443904013
1855,0.4052098324014377
1856,0.47973953575512684
1857,0.4746743821633945
1858,0.6143270346885981
1859,0.6606366874327865
1860,0.7054993754657426
1861,0.2286541400228712
1862,-0.09117232311572554
1863,-0.12807536296908806
1864,-0.7821997378233041
1865,-0.7619392294248843
1866,-0.5730824648904682
1867,-0.7438494506760112
1868,-0.6353112020568203
1869,-0.6056440807675751
1870,-0.5962372912625624
1871,-0.6678727119654151
1872,-0.13458741062637758
1873,-0.2358898466499637
1874,-0.07235867346002545
1875,-0.07018808510182861
1876,-0.045586011435803986
1877,-0.04703311743838512
1878,-0.7308248961645454
1879,-0.6447177443019716
1880,-0.5926194556104347
1881,-0.6548479808397625
1882,-0.6562951928108558
1883,-0.6823444431251362
1884,-0.7192474123328236
1885,-0.6736613125899265
1886,-0.6780028778575313
1887,-0.787988338447815
1888,-0.664254664376263
1889,-0.4356004360462986
1890,-0.4052097264329251
1891,-0.17004327383148388
1892,-0.17944988672230977
1893,-0.13892901121682
1894,-0.13531110491901766
1895,-0.758321323127082
1896,-0.8263386609179455
1897,-0.5824891131041317
1898,-0.5665700993276421
1899,-0.5933429026432133
1900,-0.5853835017234807
1901,-0.539797366657746
1902,-0.5492039795485715
1903,-0.5564399334355259
1904,-0.686685973069904
1905,-0.6034731745038417
1906,-0.5926194202875976
1907,0.0007236413083839821
1908,0.0021707473109651154
1909,0.5238784588497687
1910,0.577423994835236
1911,0.5115773513710815
1912,0.5072358920719884
1913,0.5065123390706985
1914,0.22069456248895136
1915,0.2641099325823024
1916,0.2575976729879885
1917,0.24746750709587229
1918,0.26266282657972173
1919,0.25036171910103455
1920,-0.3183791275375727
1921,-0.2402315885317554
1922,-0.8668595717462724
1923,-0.7452966626471045
1924,-0.7402315443782088
1925,-0.6910274676918342
1926,-0.23588991729563835
1927,-0.20549913703659017
1928,-0.24891450712994123
1929,-0.2988421368176062
1930,-0.25904467302205747
1931,-0.9486251230184042
1932,-0.8400868743992138
1933,-0.8075253291677815
1934,-0.8248915549153644
1935,-0.8017366225747584
1936,-0.7879884090934901
1937,-0.7742401249665471
1938,-0.7518088869185808
1939,-0.7749638899048619
1940,-0.766280688723977
1941,-0.7395078500855687
1942,-0.7445730743229766
1943,-0.7467438746181978
1944,-0.7756873722604776
1945,-0.7930535273623858
1946,-0.7684514890191982
1947,-0.8465992046392024
1948,-0.47612145284313767
1949,-0.4971055495656853
1950,-0.4942112669148484
1951,-0.49348764326788297
1952,-0.7785817255569896
1953,-0.67945001918295
1954,-0.6490592742467389
1955,-0.6382054847076573
1956,-0.7163531296819867
1957,-0.6693198532908333
1958,-0.6555715338410533
1959,-0.7742402662578964
1960,-0.13096957497424988
1961,-0.1150505611977608
1962,-0.13965256421811034
1963,-0.11432700819647001
1964,-0.09985510042256163
1965,-0.08538333394000297
1966,-0.09768444141869015
1967,-0.5795947951304572
1968,-0.5947901146143066
1969,-0.5969609149095279
1970,-0.5940666322586905
1971,-0.6432705676537158
1972,-0.615050623012726
1973,-0.6577424047819491
1974,-0.680173642829915
1975,-0.7503617809159997
1976,-0.27279302779467507
1977,-0.17366118012928622
1978,-0.1685962384745774
1979,-0.17076682683277422
1980,-0.19247461784796194
1981,-0.20188123073878783
1982,-0.875542666958645
1983,-0.7438494859988483
1984,-0.764109994397268
1985,-0.7706223599600945
1986,-0.7358900497562786
1987,-0.78002897285092
1988,-0.8104197531099682
1989,-0.7764109252617684
1990,-0.7821997731461412
1991,-0.7771345489087333
1992,-0.7800290434965951
1993,-0.8813313735516686
1994,-0.4927640902665926
1995,-0.6490592389239018
1996,-0.21852372687089305
1997,-0.24674370683472002
1998,-0.2445729065394988
1999,-0.21924742116353313
2000,-0.8487698989659114
2001,-0.74167865038079
2002,-0.8632416301256329
2003,-0.6215628826070403
2004,-0.7337192847838949
2005,-0.2387842705921499
2006,-0.17872654565804336
2007,0.3784369584401919
2008,0.366135992252854
2009,0.32778577575123613
2010,0.34442834252901555
2011,0.3415339185868298
2012,0.31910278650737567
2013,0.5506512621653394
2014,0.5933430792574006
2015,0.6143271759799482
2016,0.552821991814886
2017,0.038350234163036845
2018,0.022431361677897055
2019,-0.7156294353893466
2020,-0.6953690329594391
2021,-0.5651229226793864
2022,-0.5890014080212831
2023,-0.6034731745038417
2024,-0.6034731391810042
2025,-0.6295223541724475
2026,-0.6403762496800414
2027,-0.9196815194076118
2028,-0.8096961647858403
2029,-0.7952242216890948
2030,-0.8422576040487599
2031,-0.12373362108729591
2032,-0.1128796902568645
2033,-0.12807515103206368
2034,-0.1657017438867161
2035,-0.7735166072880939
2036,-0.6476120975984831
2037,-0.6794500898286246
2038,-0.6628075230508448
2039,-0.6975398332546603
2040,-0.71707664736044
2041,-0.7409551680251742
2042,-0.7033285045248467
2043,-0.7308248608417083
2044,-0.7756874782289898
2045,-0.7496382632375469
2046,-0.8972503873281581
2047,-0.7814762201448509
2048,-0.8856729388192739
2049,-0.8277858375662013
2050,-0.8552822292059004
2051,-0.4848045127326732
2052,-0.47467420554920725
2053,-0.44717791987802036
2054,-0.4609260627136136
2055,-0.48480458337834786
2056,-0.7872649267378744
2057,-0.7380607794058252
2058,-0.7315485198115108
2059,-0.6946454093124741
2060,-0.602749621502551
2061,-0.6931982679870554
2062,-0.3726482871700054
2063,-0.32995661136929444
2064,-0.050651094381862105
2065,-0.01881313747455815
2066,-0.028219821011058688
2067,-0.03039055066060481
2068,-0.013748054528500031
2069,-0.28581768827465304
2070,-0.5123010456637216
2071,-0.6599131697543328
2072,-0.5593343573777125
2073,-0.617944976309238
2074,-0.6193921882803313
2075,-0.6157742466596914
2076,-0.6801736075070779
2077,-0.7011577748753002
2078,-0.620839364928587
2079,-0.7814760788535011
2080,-0.2481908834829758
2081,-0.19030381755274073
2082,-0.23154838735087058
2083,-0.21418226757180037
2084,-0.2698986744981635
2085,-0.8798841969034128
2086,-0.7525324752427087
2087,-0.7894355857417459
2088,-0.7879884444163272
2089,-0.7735166426109314
2090,-0.7677278653722328
2091,-0.7474674276194881
2092,-0.7366134967890567
2093,-0.7597684644525007
2094,-0.7344428377851853
2095,-0.7337192494610574
2096,-0.49638199656439497
2097,-0.4985527968596162
2098,-0.5159188459930117
2099,-0.5369029427155594
2100,-0.5282199534716989
2101,-0.5303906124755704
2102,-0.9276411675872063
2103,-0.9580318772005798
2104,-0.8400868390763763
2105,-0.7923299390382574
2106,-0.9305353795923685
2107,-0.7460202509712324
2108,-0.7539797578594771
2109,-0.7735166426109314
2110,-0.7590448761283723
2111,-0.8726482783392959
2112,-0.788711997417618
2113,-0.2641098972594653
2114,-0.27858159309634933
2115,-0.25180878978077814
2116,0.03183797456872295
2117,0.07525320337072428
2118,0.6316931544676692
2119,0.4167871749418097
2120,0.4081041150522742
2121,0.3183791628604107
2122,0.43270625936397433
2123,0.37264832249284296
2124,0.3646888156045982
2125,0.36758316890110976
2126,0.2467438128032322
2127,0.212011643890766
2128,-0.11939223243387787
2129,0.13314041059230863
2130,0.12083930311362145
2131,-0.16280739059020455
2132,-0.1418232938676569
2133,-0.1389289405711449
2134,-0.7858176794439435
2135,-0.6041967628279696
2136,-0.6230100592552961
2137,-0.8560057822071907
2138,-0.6939217856655087
2139,-0.720694624303917
2140,-0.7141823293867655
2141,-0.7206945536582423
2142,-0.9638205837936029
2143,-0.8531114289106791
2144,-0.8690303367186565
2145,-0.8270622845649109
2146,-0.814037694730608
2147,-0.8248914842696897
2148,-0.9059334118948561
2149,-0.5397972960120709
2150,-0.47756870013706854
2151,-0.48408095973138243
2152,-0.4652677339497311
2153,-0.46888556960185834
2154,-0.8169320127042825
2155,-0.7395079560540809
2156,-0.7076699638239394
2157,-0.6866860083927415
2158,-0.7149058823880563
2159,-0.7163530590363121
2160,-0.8357453091316085
2161,-0.40303913807472824
2162,-0.17583205107018207
2163,-0.1512300480498321
2164,-0.132416680976831
2165,0.009406701197919531
2166,0.013024678141396517
2167,-0.03256135095582602
2168,-0.48697531302789443
2169,-0.5253256001751869
2170,-0.7127351880613473
2171,-0.558610663085072
2172,-0.6041967628279696
2173,-0.6034732098266793
2174,-0.5824891131041317
2175,-0.6056440101219005
2176,-0.608538363418412
2177,-0.7793053492039546
2178,-0.4782922531383589
2179,-0.19392172385054307
2180,-0.17149059177108938
2181,-0.18523866396100797
2182,-0.16208376694323912
2183,-0.8465990986706902
2184,-0.7279305075451963
2185,-0.74240234467343
2186,-0.7445731449686512
2187,-0.7445731449686512
2188,-0.7655571357226867
2189,-0.9667149370901149
2190,-0.7539797225366396
2191,-0.758321323127082
2192,-0.7785817962026642
2193,-0.7344428377851853
2194,-0.7489146042677439
2195,-0.8523878759093888
2196,-0.4732270995466261
2197,-0.5824891131041317
2198,-0.37120103987607456
2199,-0.12301013873168021
2200,-0.08755420488089882
2201,0.4189580458827056
2202,0.3885672656236574
2203,0.09623719412475973
2204,0.1345875519177273
2205,0.16280749655871674
2206,0.1244571740885867
2207,0.17944999269082196
2208,0.18740942893339207
2209,0.16642540285651908
2210,0.18596232293081094
2211,-0.37626629943631995
2212,-0.39073803059604106
2213,-0.12879884532470376
2214,-0.6418234263282971
2215,-0.19247447655661265
2216,-0.1866857699635891
2217,-0.20839341968742708
2218,-0.2221416331686954
2219,-0.8183791893525383
2220,-0.7134586350941254
2221,-0.7185238593315333
2222,-0.6150505876898889
2223,-0.6186685999562029
2224,-0.7178002710074054
2225,-0.8502169696456554
2226,-0.6041967628279696
2227,-0.6345874371185056
2228,-0.6121562343933769
2229,-0.5658466169720264
2230,-0.551374709198118
2231,-0.5716352529193749
2232,-0.5448624496038041
2233,-0.6968161389620202
2234,-0.6338638841172148
2235,-0.732995625814092
2236,-0.3972502901903554
2237,-0.411721986027239
2238,-0.3480462135039808
2239,-0.3545584730982947
2240,-0.7481910512664536
2241,-0.6917510913387996
2242,-0.6743848302683797
2243,-0.6555715691638904
2244,-0.6801736781527525
2245,-0.6852387610988107
2246,-0.6743849009140543
2247,-0.6562951574880183
2248,-0.6432705676537158
2249,-0.5933429026432133
2250,-0.1128797609025396
2251,-0.07670034469614251
2252,-0.18668584060926374
2253,-0.18958026455145038
2254,-0.19898687744227628
2255,-0.20405203103400904
2256,-0.7814760788535011
2257,-0.7199710359797891
2258,-0.6729377949114732
2259,-0.6823444078022991
2260,-0.6685962649667054
2261,-0.6649782880232284
2262,-0.7850940557969781
2263,-0.574529641538724
2264,-0.5933430086117255
2265,-0.6447178855933209
2266,-0.1483356241076459
2267,-0.09913161806694593
2268,-0.08900138152915504
2269,-0.0094065952294069
2270,-0.013024430881534599
2271,-0.0028941943437432727
2272,-0.28075239339157054
2273,-0.5079594097504416
2274,-0.5752532651856894
2275,-0.5788711714834918
2276,-0.6020260331784231
2277,-0.6345875784098554
2278,-0.6722142065873453
2279,-0.795947951304572
2280,-0.8863964918205642
2281,-0.7735166072880939
2282,-0.772793018963966
2283,-0.7655571357226867
2284,-0.8248914136240146
2285,-0.2525324840734182
2286,-0.23154838735087058
2287,-0.22793048105306823
2288,-0.23154838735087058
2289,-0.2547032137229648
2290,-0.872648348984971
2291,-0.7698987363131291
2292,-0.7727930896096407
2293,-0.7756875135518273
2294,-0.7923299037154203
2295,-0.7756873722604776
2296,-0.8545585349132603
2297,-0.47395082916210374
2298,0.08176546296503817
2299,0.04992764734908395
2300,0.08465992223006236
2301,0.09840810038849312
2302,0.09623715880192218
2303,0.28437047630356016
2304,0.3133140799143517
2305,0.33140389398606285
2306,0.3176555392134448
2307,0.2894355592496183
2308,-0.20984059633568286
2309,-0.20984059633568286
2310,-0.20984059633568286
2311,-0.20984059633568286
2312,-0.20984059633568286
2313,-0.20984059633568286
2314,-0.20984059633568286
2315,-0.20984059633568286
2316,-0.38639650065127373
2317,-0.38639650065127373
2318,-0.38639650065127373
2319,-0.38639650065127373
2320,-0.38639650065127373
2321,-0.38639650065127373
2322,-0.38639650065127373
2323,-0.38639650065127373
2324,-0.38639650065127373
2325,-0.38639650065127373
2326,-0.38639650065127373
2327,-0.38639650065127373
2328,-0.38639650065127373
2329,-0.38639650065127373
2330,-0.38639650065127373
2331,-0.38639650065127373
2332,-0.38639650065127373
2333,-0.38639650065127373
2334,-0.38639650065127373
2335,-0.38639650065127373
2336,-0.38639650065127373
2337,-0.38639650065127373
2338,-0.38639650065127373
2339,-0.38639650065127373
2340,-0.38639650065127373
2341,-0.38639650065127373
2342,-0.38639650065127373
2343,-0.38639650065127373
2344,-0.38639650065127373
2345,-0.38639650065127373
2346,-0.38639650065127373
2347,-0.7510853339172905
2348,-0.8082488821690723
2349,-0.8104197531099682
2350,-0.44790161417066043
2351,-0.2395078235934407
2352,-0.1917510648466716
2353,-0.17004334447715852
2354,-0.17004334447715852
2355,-0.10709112495519069
2356,-0.7105643524432885
2357,-0.6157742466596914
2358,-0.6020260331784231
2359,-0.6259044478746452
2360,-0.6114326813920865
2361,-0.6555716044867279
2362,-0.7554269698305704
2363,-0.599855338851714
2364,-0.6172214586307847
2365,-0.6345875784098554
2366,-0.8617944534773772
2367,-0.8617944534773772
2368,-0.8617944534773772
2369,-0.8617944534773772
2370,-0.8617944534773772
2371,-0.8617944534773772
2372,-0.8617944534773772
2373,-0.8617944534773772
2374,-0.8617944534773772
2375,-0.8617944534773772
2376,-0.8617944534773772
2377,-0.8617944534773772
2378,-0.8617944534773772
2379,-0.8617944534773772
2380,-0.8617944534773772
2381,-0.8617944534773772
2382,-0.554992686141595
2383,-0.5340085894190474
2384,-0.540520990304711
2385,-0.4905932899713714
2386,-0.5455860732507691
2387,-0.8842257268481806
2388,-0.7503618515616748
2389,-0.7850941264426532
2390,-0.8118668237897118
2391,-0.7387844383756277
2392,-0.7612156411007565
2393,-0.741678685703627
2394,-0.798118645631281
2395,-0.7894356563874205
2396,0.03979741081129262
2397,0.07380616801381779
2398,0.6374819317063674
2399,0.6881332556866724
2400,0.7105645290574758
2401,0.39725032551319295
2402,0.16425470852981006
2403,0.18089727530758992
2404,0.18017347504643766
2405,0.1649783321767755
2406,0.16280739059020455
2407,0.15340091899072839
2408,-0.40810422102078636
2409,-0.5926194909332723
2410,-0.947177981692986
2411,-0.7916064213598046
2412,-0.8060781171966886
2413,-0.8147613183775735
2414,-0.8075253291677815
2415,-0.8979739403294484
2416,-0.5101302100456628
2417,-0.5123008690495348
2418,-0.49131691361833685
2419,-0.6591895461073678
2420,-0.4594788860653578
2421,-0.8769899142525759
2422,-0.7612156411007565
2423,-0.7373371204360222
2424,-0.7503617809159997
2425,-0.7930535626852229
2426,-0.8835021385240527
2427,-0.7358900497562786
2428,-0.8342980971605152
2429,-0.5817654188114916
2430,-0.6859623141001014
2431,-0.2908827005750365
2432,-0.2764109340924774
2433,-0.28654117063026874
2434,-0.2293777283469991
2435,-0.22865403405435902
2436,-0.6013023742086205
2437,-0.5824890424584566
2438,-0.5781475831593639
2439,-0.58465994872219
2440,-0.5911721729936668
2441,-0.6150505523670513
2442,-0.5658466169720264
2443,-0.6772792542105659
2444,-0.08683051058825875
2445,-0.061504883920943776
2446,-0.02315473806500057
2447,-0.034732080605372584
2448,-0.01591885482372124
2449,-0.0021707119881275716
2450,-0.6476120975984831
2451,-0.48625176002660364
2452,-0.5065123037478609
2453,-0.4819101594361612
2454,-0.5072358567491513
2455,-0.7785818315255018
2456,-0.6939218916340208
2457,-0.6649782527003909
2458,-0.6280752128470288
2459,-0.7575976641572795
2460,-0.0832126042904564
2461,-0.07091163810311896
2462,-0.09044855817741082
2463,-0.12879877467902867
2464,-0.1483356241076459
2465,-0.8494935226128768
2466,-0.7308248255188707
2467,-0.7438494859988483
2468,-0.7720695366083503
2469,-0.7807525611750479
2470,-0.7756874075833151
2471,-0.7727930542868031
2472,-0.7916063507141295
2473,-0.7814761494991758
2474,-0.7916064566826417
2475,-0.7481911219121282
2476,-0.6758320775623101
2477,-0.7612156764235936
2478,-0.4153399629707164
2479,-0.0774238976974333
2480,-0.07308243839834017
2481,-0.1628074612358792
2482,-0.14905917710893624
2483,-0.8125904121138396
2484,-0.8581765118567373
2485,-0.7431259329975579
2486,-0.9435601107180207
2487,-0.766280688723977
2488,-0.8096960588173281
2489,-0.7937772216550258
2490,-0.7908828330356767
2491,-0.8046310465169446
2492,-0.8798842675490874
2493,-0.9059334472176932
2494,-0.9059334472176932
2495,-0.5028943974500586
2496,0.1273515980307729
2497,0.40231540845925107
2498,0.3813313117367034
2499,0.465991322273859
2500,0.42040522253096135
2501,0.4175109398801249
2502,0.42547044676836965
2503,0.3929088662140998
2504,0.1534008130222162
2505,0.15267726002092585
2506,-0.3733719814626455
2507,-0.8285093905674921
2508,-0.7344428024623477
2509,-0.7438495919673604
2510,-0.7930535626852229
2511,-0.9153400601085191
2512,-0.7908827270671646
2513,-0.8929087867377157
2514,-0.2735165101502912
2515,-0.27134570985507
2516,-0.28292312304111666
2517,-0.24602015383342923
2518,-0.8726483136621335
2519,-0.7850941264426532
2520,-0.7887119620947804
2521,-0.7380607440829876
2522,-0.7337192494610574
2523,-0.7373371557588597
2524,-0.7344428024623477
2525,-0.7062228578213583
2526,-0.7076700344696141
2527,-0.682344337156624
2528,-0.6975398332546603
2529,-0.8169318714129328
2530,-0.6599131344314957
2531,-0.6989870099029165
2532,-0.6324167781146341
2533,-0.7525324752427087
2534,-0.19319817084925273
2535,-0.2366134702969287
2536,-0.22793048105306823
2537,-0.22286532746133547
2538,-0.2387842705921499
2539,-0.328509364075364
2540,-0.2945006068728384
2541,-0.5499275678726994
2542,-0.1881332291945439
2543,-0.1671490618263216
2544,0.36107097995247095
2545,0.6584659577832399
2546,0.6997106688727195
2547,0.6772792542105659
2548,0.9225759433497984
2549,0.9934877404056861
2550,1.0
2551,0.9992764469987092
2552,0.9855282335174413
2553,0.6620840053723915
2554,-0.17221421541805482
2555,-0.17221428606372946
2556,-0.19536904179014858
2557,-0.5050650564539301
2558,-0.5021707031574181
2559,-0.5144718106361053
2560,-0.8393632860750859
2561,-0.6845152080975203
2562,-0.7243125659245568
2563,-0.7416787563493021
2564,-0.4703328168957892
2565,-0.27713455773944284
2566,-0.1968161477927297
2567,-0.22648330440481246
2568,-0.23154831670519593
2569,-0.2366134702969287
2570,-0.8567294058541561
2571,-0.7301013078404175
2572,-0.7272069545439059
2573,-0.7402315443782088
2574,-0.8140376594077705
2575,-0.7959479866274095
2576,-0.7865411971223968
2577,-0.7771345489087333
2578,-0.7814760788535011
2579,-0.9464543933688576
2580,-0.7496382279147094
2581,-0.7351664967549878
2582,-0.7185238946543708
2583,-0.8683067837173657
2584,-0.25108523677948735
2585,-0.17004327383148388
2586,-0.14471771780984355
2587,-0.2547032843686394
2588,-0.13603458727463336
2589,-0.8024600696075366
2590,-0.6664253940258096
2591,-0.8169320127042825
2592,-0.44862523781762587
2593,-0.6215630238983896
2594,0.18379162860410192
2595,0.15701871932001854
2596,0.16063676690917017
2597,0.0969608884173998
2598,0.1085384428947962
2599,0.10130234771649249
2600,0.039073681195815
2601,-0.45441387376497433
2602,-0.3820549353836684
2603,-0.767727971340745
2604,-0.8849492798494709
2605,-0.7445730743229766
2606,-0.8176556363512475
2607,-0.49059321932569633
2608,-0.5065123743935356
2609,-0.5007234558634877
2610,-0.5253255295295123
2611,-0.5347322130660128
2612,-0.8900143981183666
2613,-0.8183791187068632
2614,-0.8212735426490498
2615,-0.8198262953551194
2616,-0.8285093552446545
2617,-0.8075253644906191
2618,-0.801012998927793
2619,-0.7648336180442334
2620,-0.7445731449686512
2621,-0.7337192141382198
2622,-0.8299565672157478
2623,-0.45369017947233425
2624,-0.47105636989707955
2625,-0.697539691963311
2626,-0.5289435771186644
2627,-0.900144669978995
2628,-0.7633864060731401
2629,-0.7713459129613849
2630,-0.758321323127082
2631,-0.7619391941020468
2632,-0.7691751126661637
2633,-0.7561504875090233
2634,-0.722865318630626
2635,-0.6903039146905439
2636,-0.6910274323689967
2637,-0.7821997378233041
2638,-0.17366125077496086
2639,0.13675838753578606
2640,0.16063676690917017
2641,0.7887120680632931
2642,0.8285094612131667
2643,0.7655571710455238
2644,0.2930535361930948
2645,0.32633866974865455
2646,0.347322695825528
2647,0.4059335266940778
2648,0.3661359216071789
2649,0.36613606289852907
2650,0.40303910275189114
2651,0.33719245928773667
2652,0.05571628329643241
2653,0.2749639340584089
2654,-0.21562944422005614
2655,0.00795952454966331
2656,-0.0028941943437432727
2657,-0.04703318808405976
2658,-0.6729377242657986
2659,-0.572358947212015
2660,-0.5752532298628523
2661,-0.602749621502551
2662,-0.5607815340259683
2663,-0.7018812925537534
2664,-0.5607814987031308
2665,-0.5709117352409221
2666,-0.6005788565301673
2667,-0.623733647579424
2668,-0.7807525258522108
2669,-0.6367582374137268
2670,-0.7438495566445233
2671,-0.40376262043034394
2672,-0.10709112495519069
2673,-0.11143265489995846
2674,-0.09479001747650351
2675,-0.10274952436474827
2676,-0.08900138152915504
2677,-0.5853834310778057
2678,-0.6186685646333658
2679,-0.599131644559074
2680,-0.6085383280955745
2681,-0.8256150372709801
2682,-0.8683068190402032
2683,-0.9225759433497984
2684,-0.7561505228318608
2685,-0.904486305892275
2686,-0.8212735779718874
2687,-0.8089726117845499
2688,-0.829233014214457
2689,-0.9428365223938928
2690,-0.5636757460311301
2691,-0.5246019765282219
2692,-0.5195368935821634
2693,-0.3986975374842858
2694,-0.35455854374396933
2695,-0.31837898624622296
2696,-0.2756873104455124
2697,-0.6353110960883082
2698,-0.5224311762330007
2699,-0.5209839995847445
2700,-0.5390737430107806
2701,-0.5687408289771887
2702,-0.586107019401934
2703,-0.6049203864749351
2704,-0.6244572712263894
2705,-0.6758321128851477
2706,-0.7062229284670329
2707,-0.8451518866995968
2708,-0.22141800952172996
2709,-0.19175099420099695
2710,-0.2720694041477101
2711,-0.2460200831877546
2712,-0.7988422339554089
2713,-0.766280688723977
2714,-0.7554269345077329
2715,-0.7793053845267921
2716,-0.7836468438258848
2717,-0.9124457068120075
2718,-0.8068017055208165
2719,-0.7684514890191982
2720,-0.7431259329975579
2721,-0.7937771863321883
2722,-0.7843705734413624
2723,-0.7590448761283723
2724,-0.7684515596648729
2725,-0.7966715043058628
2726,-0.7850940557969781
2727,-0.7952242570119319
2728,-0.847322651671981
2729,-0.5007235265091623
2730,-0.4992763498609065
2731,-0.48408095973138243
2732,-0.6157741760140167
2733,-0.8118669297582239
2734,-0.7235889069547539
2735,-0.7438494153531736
2736,-0.8379160741039926
2737,-0.4182344928814148
2738,-0.3958032548334489
2739,0.12518083305838923
2740,0.4869754189964066
2741,0.7452966273242669
2742,0.7431260389660705
2743,0.7496381572690343
2744,0.8082489174919099
2745,0.9240231906437293
2746,0.8921853043821004
2747,0.3523877787715861
2748,-0.16425470852981006
2749,-0.1736613920663106
2750,-0.1736613920663106
2751,-0.4775687707827432
2752,-0.4761215941344874
2753,-0.5115774573395937
2754,-0.5289436124415015
2755,-0.5419681316301297
2756,-0.7178002356845679
2757,-0.12662797438380746
2758,-0.18668584060926374
2759,-0.1924745472022873
2760,-0.17655553342579777
2761,-0.21780024451527735
2762,-0.8292330495372946
2763,-0.903039023275507
2764,-0.750361710270325
2765,-0.7293776841934525
2766,-0.7452966979699416
2767,-0.7655571710455238
2768,-0.74240234467343
2769,-0.8437048160198533
2770,-0.3219971398038872
2771,0.3125903856217116
2772,0.27279299247183797
2773,0.2590447789905701
2774,0.48408106569989506
2775,0.5101301747228257
2776,0.757597664157279
2777,0.7583213584499191
2778,0.7807525611750483
2779,0.7301013784860926
2780,0.7221418009521727
2781,-0.3523879200629354
2782,-0.344428342529016
2783,-0.7561504168633486
2784,-0.5998552328832019
2785,-0.5991316798819115
2786,-0.6027495508568763
2787,-0.599131644559074
2788,-0.5607814633802932
2789,-0.7163530237134745
2790,-0.5926192789962479
2791,-0.6107091283907957
2792,-0.617945011632075
2793,-0.5795947244847826
2794,-0.6837915844505549
2795,-0.32850929342968893
2796,-0.515195292991721
2797,-0.6078147397714466
2798,-0.45513735612059003
2799,-0.5325614127707916
2800,-0.8849493504951456
2801,-0.903762646922472
2802,-0.7424023799962676
2803,-0.8986975639764139
2804,-0.7395080266997556
2805,-0.7149058823880563
2806,-0.723589012923266
2807,-0.657018710489309
2808,-0.7069463754998115
2809,-0.7098408700876728
2810,-0.7937770450408386
2811,-0.5723588765663403
2812,-0.4674384635992772
2813,-0.46526759265838136
2814,-0.4609260627136136
2815,-0.44717791987802036
2816,-0.8603472768291209
2817,-0.7344428024623477
2818,-0.7597684291296631
2819,-0.7308248608417083
2820,-0.7496381925918718
2821,-0.738784367729953
2822,-0.7026049162007189
2823,-0.7380608147286623
2824,-0.7583212878042445
2825,-0.9377714041249972
2826,-0.7959479159817349
2827,-0.2908826299293614
2828,-0.25832119066644177
2829,-0.29522423051980384
2830,-0.26555700326204645
2831,-0.26845142720423265
2832,-0.8379160741039926
2833,-0.847322686994818
2834,-0.4189581165283802
2835,-0.3950796311864835
2836,0.22865396340868394
2837,0.23806061162234737
2838,0.18451507563688008
2839,0.24891454245277878
2840,0.2937770538715485
2841,0.28075249936008273
2842,0.5701881115939571
2843,0.5528220624605611
2844,0.22793058702158042
2845,0.24384945950672066
2846,0.23878437656066254
2847,-0.048480294086640896
2848,-0.07308236775266552
2849,-0.11939216178820322
2850,-0.7033284692020092
2851,-0.7749638192591872
2852,-0.7612156764235936
2853,-0.6186685999562029
2854,-0.6280752128470288
2855,-0.6266281068444477
2856,-0.6193921529574937
2857,-0.5629521577070022
2858,-0.5578870747609441
2859,-0.5680174172672476
2860,-0.6931983386327301
2861,-0.33791604761186456
2862,-0.04269165813929199
2863,-0.04052085784407078
2864,-0.08031825099394485
2865,-0.17004327383148388
2866,-0.17366118012928622
2867,-0.6917510913387996
2868,-0.7040520222032995
2869,-0.7257597425728126
2870,-0.6895802557207409
2871,-0.7098408700876728
